timestamp,exchange_rate
3040,1.0434782608695652173913043478
3160,1.0434782608695652173913043478
3280,1.0434782608695652173913043478
4840,1.0434782608695652173913043478
5140,1.0434782608695652173913043478
6100,1.0434782608695652173913043478
6400,1.0434782608695652173913043478
9880,1.0434782608695652173913043478
10060,1.0434782608695652173913043478
10900,1.0434782608695652173913043478
11200,1.0434782608695652173913043478
12940,1.0434782608695652173913043478
13600,1.0434782608695652173913043478
16120,1.0434782608695652173913043478
18700,1.0434782608695652173913043478
18760,1.0434782608695652173913043478
20080,1.0434782608695652173913043478
20800,1.0434782608695652173913043478
22780,1.0434782608695652173913043478
23680,1.0434782608695652173913043478
24700,1.0434782608695652173913043478
25000,1.0349784379492093914710110206
27160,1.0231148162182644941265630922
27280,1.0231148162182644941265630922
28000,1.0231148162182644941265630922
30040,1.0231148162182644941265630922
30400,1.0231148162182644941265630922
33580,1.0231148162182644941265630922
33940,1.0231148162182644941265630922
35200,1.0231148162182644941265630922
41860,1.0231148162182644941265630922
42400,1.0231148162182644941265630922
46420,1.0231148162182644941265630922
47440,1.0231148162182644941265630922
49600,1.0231148162182644941265630922
51880,1.0231148162182644941265630922
52840,1.0231148162182644941265630922
54280,1.0231148162182644941265630922
54520,1.0231148162182644941265630922
56800,1.0231148162182644941265630922
60520,1.0231148162182644941265630922
63820,1.0231148162182644941265630922
64000,1.0231148162182644941265630922
66880,1.0170449194839438741877766269
70540,1.0053057805082379223680536164
71200,1.0053057805082379223680536164
605980,1.0053057805082379223680536164
611200,1.0053057805082379223680536164
613120,1.0053057805082379223680536164
614980,1.0053057805082379223680536164
616480,1.0053057805082379223680536164
618400,1.0053057805082379223680536164
621220,1.0053057805082379223680536164
622480,1.0053057805082379223680536164
622720,1.0053057805082379223680536164
625600,1.0053057805082379223680536164
632260,1.0053057805082379223680536164
632800,1.0053057805082379223680536164
635800,1.0053057805082379223680536164
636460,1.0053057805082379223680536164
637900,1.0053057805082379223680536164
638680,1.0053057805082379223680536164
640000,1.0053057805082379223680536164
644680,1.0053057805082379223680536164
645220,1.0053057805082379223680536164
646840,1.0053057805082379223680536164
647200,1.0053057805082379223680536164
649720,1.0053057805082379223680536164
649840,1.0053057805082379223680536164
651580,1.0053057805082379223680536164
652900,1.0053057805082379223680536164
653200,1.0053057805082379223680536164
654400,1.0053057805082379223680536164
660280,1.0053057805082379223680536164
661180,1.0053057805082379223680536164
661180,1.0053057805082379223680536164
661600,1.0053057805082379223680536164
668020,1.0053057805082379223680536164
668740,1.0053057805082379223680536164
668800,1.0053057805082379223680536164
671440,1.0053057805082379223680536164
674260,1.0053057805082379223680536164
675580,1.0053057805082379223680536164
676000,1.0053057805082379223680536164
1214140,1.0053057805082379223680536164
1215460,1.0053057805082379223680536164
1216000,1.0053057805082379223680536164
1221940,1.0053057805082379223680536164
1223200,1.0053057805082379223680536164
1225720,1.0053057805082379223680536164
1226200,1.0053057805082379223680536164
1226260,1.0053057805082379223680536164
1228120,1.0053057805082379223680536164
1229320,1.0053057805082379223680536164
1229560,1.0053057805082379223680536164
1230400,1.0053057805082379223680536164
1233520,1.0053057805082379223680536164
1236820,1.0053057805082379223680536164
1237420,1.0053057805082379223680536164
1237480,1.0053057805082379223680536164
1237600,1.0053057805082379223680536164
1241260,1.0053057805082379223680536164
1243120,1.0053057805082379223680536164
1243780,1.0053057805082379223680536164
1244140,1.0053057805082379223680536164
1244800,1.0053057805082379223680536164
1246780,1.0053057805082379223680536164
1247320,1.0053057805082379223680536164
1247500,1.0053057805082379223680536164
1249660,1.0053057805082379223680536164
1251340,1.0053057805082379223680536164
1252000,1.0053057805082379223680536164
1253920,1.000926784059314179796107507
1253980,0.9964938180476102601956080459
1256140,0.9964938180476102601956080459
1257040,0.9964938180476102601956080459
1258180,0.985761226725082146768893757
1259200,0.985761226725082146768893757
1262200,0.985761226725082146768893757
1263220,0.985761226725082146768893757
1264480,0.985761226725082146768893757
1264840,0.985761226725082146768893757
1265200,0.9755216330954746635353626593
1266400,0.9755216330954746635353626593
1268260,0.9755216330954746635353626593
1269400,0.9755216330954746635353626593
1270360,0.9755216330954746635353626593
1272460,0.9755216330954746635353626593
1272640,0.9755216330954746635353626593
1273600,0.9755216330954746635353626593
1277500,0.9755216330954746635353626593
1280800,0.9755216330954746635353626593
1816600,0.9755216330954746635353626593
1820800,0.9755216330954746635353626593
1826020,0.9755216330954746635353626593
1826140,0.9755216330954746635353626593
1826680,0.9755216330954746635353626593
1827400,0.9755216330954746635353626593
1827820,0.9755216330954746635353626593
1828000,0.9755216330954746635353626593
1835200,0.9755216330954746635353626593
1840420,0.9755216330954746635353626593
1841500,0.9755216330954746635353626593
1842400,0.9755216330954746635353626593
1844320,0.9797669587209827477192665523
1844500,0.9797669587209827477192665523
1848700,0.9906060879775991328696594707
1849120,0.9906060879775991328696594707
1849600,0.9906060879775991328696594707
1853020,0.9906060879775991328696594707
1855660,0.9906060879775991328696594707
1856800,0.9906060879775991328696594707
1864000,0.9906060879775991328696594707
1868020,0.9906060879775991328696594707
1871200,0.9906060879775991328696594707
1873480,0.9906060879775991328696594707
1876120,0.9906060879775991328696594707
1876960,0.9906060879775991328696594707
1877800,0.9906060879775991328696594707
1878400,0.9906060879775991328696594707
1880740,0.9906060879775991328696594707
1881160,0.9906060879775991328696594707
1883260,0.9906060879775991328696594707
1884820,0.9906060879775991328696594707
1885600,0.9906060879775991328696594707
